,A,B,C,D
2000-01-01,-0.25853717998552017,0.4692562237202336,2.5045578403302633,0.909205506948571
2000-01-02,-0.3835729582448363,-0.17671360608546655,2.55043431696282,-0.33736302158027576
2000-01-03,-0.8452560767566274,-0.42452968929412604,1.2180708636072353,-1.6930949599732092
2000-01-04,-2.31316677479545,-0.7231270569276007,0.47076476219529706,-1.8313568963673084
2000-01-05,-3.4273248955490487,-1.825370041576207,0.8684866877215849,-2.7532638736007398
2000-01-06,-3.9079385378167686,-3.1742437380815587,0.13430287041924105,-3.0008637183202795
2000-01-07,-5.603226656153842,-3.0556193578584123,1.9535101707917313,-1.830005114839866
2000-01-08,-7.579536072431445,-3.7593586406318376,2.5981789839894143,-2.18630851612892
2000-01-09,-8.51911938862153,-3.999108950660497,2.01262538821716,-2.76149874526835
2000-01-10,-9.529736198417972,-4.55844907024827,1.365638350559917,-4.800600482444947
2000-01-11,-9.342535393047484,-4.4985420210028915,2.1213046384603063,-3.454087939650333
2000-01-12,-9.733348769709803,-2.419744127036159,3.483378629445961,-3.686248981647238
2000-01-13,-8.98214127006974,-1.295178617395222,4.621124392069866,-3.1366351760871733
2000-01-14,-8.876803935840224,-2.289717982306197,3.994741130144561,-3.455737479776285
2000-01-15,-8.328526835367745,-1.250853214197205,3.0297948584106704,-4.090830394365574
2000-01-16,-8.006829191748409,-1.6805539016399444,0.9310194586059763,-3.8766856048776113
2000-01-17,-9.316208122955057,-1.5827515743464236,2.1582937244111657,-2.3579205013497315
2000-01-18,-9.307427932119442,-1.0689831957439497,1.1144747245768316,-3.545197184758587
2000-01-19,-10.339091334655105,-2.0159139604818104,1.3533283968992524,-2.997830957826157
2000-01-20,-10.799939529134425,-0.5117419130770575,0.6552890817740515,-4.125030794524289
2000-01-21,-9.416446437058843,-1.133293485212305,2.0599247095343323,-4.262609594727098
2000-01-22,-9.446304140745003,-1.9931593298630998,1.4917220135521396,-3.9549800951581884
2000-01-23,-10.786877793562633,-2.2187252178587564,1.8338955980808933,-5.250081608288747
2000-01-24,-12.253990669670728,-1.4896480352301116,2.2002727523463657,-4.005221401950381
2000-01-25,-12.777899304609232,-0.2850336992547362,1.7437889325870295,-4.165709732876568
2000-01-26,-13.64049643377319,-0.44330163577892223,1.0287390326025339,-4.434784246234375
2000-01-27,-15.589416254523083,0.3274850374463155,0.8080408661910243,-4.296472478541048
2000-01-28,-16.925034623388807,1.2073040289670065,1.6945487915145878,-1.6669127365843832
2000-01-29,-15.388317366267596,1.3010429025979453,2.30015690560933,-3.090095153077187
2000-01-30,-16.975098753354523,0.8460461737493302,1.299020278736787,-3.1156105362756485
2000-01-31,-19.56294997256214,0.6072439234978921,-0.8489208173814027,-5.004981516461074
2000-02-01,-20.68233935725329,1.1546014928643435,-0.5776028020603832,-4.748368929336224
2000-02-02,-21.230666681528717,1.7528173295197587,0.0529444388207031,-4.683225763523854
2000-02-03,-22.22780538403754,3.922946051073505,1.7330494320178467,-6.389265221766033
2000-02-04,-22.70189402815908,4.311619537333525,3.3771854924467015,-6.6635194658059
2000-02-05,-23.511939199657075,5.034492758121748,3.0331677436482103,-6.756672263045214
2000-02-06,-22.452164599106947,5.685684656477533,3.0838605284577363,-6.03825011702896
2000-02-07,-22.130752993546313,6.795046594948018,3.7636108605988,-6.61033140999165
2000-02-08,-23.931641008461934,7.685686245063321,4.86762751944549,-7.663666084420652
2000-02-09,-22.026008010650816,7.296445378747384,5.603775950610823,-8.609534585251927
2000-02-10,-22.57039968378524,6.700163837041635,7.019681831916662,-7.4263703547656865
2000-02-11,-21.942583449842104,5.48874704080177,6.735571182657991,-7.164208300687615
2000-02-12,-20.91679142847019,5.436089963296138,6.369011647760875,-5.589942128287074
2000-02-13,-19.55423733332707,4.270020833099101,6.3856924965088115,-6.369147208015235
2000-02-14,-18.173869139083195,5.151725446155324,7.059533246011806,-6.474015491845044
2000-02-15,-17.67193648280181,6.029086011957525,6.63520889280868,-7.510418775368095
2000-02-16,-18.991606422657824,7.751029955020458,7.071483900879773,-5.812767588219408
2000-02-17,-18.932623735175035,8.393372056284656,8.009073919639313,-7.045263076976106
2000-02-18,-20.506183791085856,7.5771455374253645,7.135771917565584,-8.227938227822303
2000-02-19,-18.692505630715033,7.444360933624651,5.573806778499428,-7.448807881293629
2000-02-20,-19.51419923954598,8.056899660274242,5.16683806146928,-7.10519686780181
2000-02-21,-19.665612040823113,7.217885239727939,5.576362786213909,-8.055887120828745
2000-02-22,-20.066768788167987,8.927279214643177,5.369827539696508,-8.080061003946145
2000-02-23,-19.665542905780775,9.435214086941356,5.611068172115163,-7.480477329766073
2000-02-24,-18.42925333027138,8.10800444974268,4.66912165809534,-7.375204568362153
2000-02-25,-19.425687981291574,8.148105337209923,5.168626537728573,-6.666665668402503
2000-02-26,-19.22372828782755,8.45115432843432,6.375345190818412,-5.426723164691164
2000-02-27,-18.625760916826014,8.71592706291026,6.746319670541424,-6.856792717938586
2000-02-28,-17.30452737913379,9.894525731447908,5.206796293378649,-6.533314263967558
2000-02-29,-18.370746599557222,8.86148786791911,5.872813172502939,-5.552345337903717
2000-03-01,-16.648155902757733,9.991166072227262,4.689472716803682,-6.411697017251533
2000-03-02,-16.86272491566909,10.30920427070038,4.04972114254303,-6.10316682153276
2000-03-03,-16.838987420936675,10.575644762006316,3.8174713521594006,-4.161484951446977
2000-03-04,-17.324166025236796,9.33095411026213,3.9838896322317408,-3.8164650395963404
2000-03-05,-19.074463107755538,8.551551945331926,2.7405285229320864,-1.5779581227861716
2000-03-06,-18.57052461197926,9.741781294877633,0.6195669305861653,-1.2444381628035015
2000-03-07,-18.722551538364083,11.144328018416214,0.8936598937277156,-1.2085157354514315
2000-03-08,-18.89705393615705,8.656673045876,-0.10333042894066147,-1.3673776880617166
2000-03-09,-19.740820846139933,7.675575938956806,-0.18049307697421485,-2.9740914150203306
2000-03-10,-21.371596279405892,6.742319890289048,-1.992019537526035,-1.3956600541351136
2000-03-11,-21.563378042113186,7.424607505483198,-1.175637064570835,0.31791376157387874
2000-03-12,-21.28252638490299,7.342788717337649,-2.833397153680456,-0.7896947802007823
2000-03-13,-18.645703693328315,9.33443672915136,-2.6850464751659584,0.7654011464620629
2000-03-14,-18.81239367907207,10.48244003210523,-0.9923571247949778,0.975833995900707
2000-03-15,-17.360498593648977,11.836485401759713,-1.1985745467757027,0.5338867040929273
2000-03-16,-16.853721333046355,11.940808148386653,-1.5746065523638466,-1.4016875032524427
2000-03-17,-17.47723206126073,12.356987048917443,-2.6938879659422588,-1.5384552762414279
2000-03-18,-16.564967347015635,12.147337612494699,-2.4060501272791655,-1.7304466255500557
2000-03-19,-15.146657368562849,12.84301278664462,-3.3152758429528166,-3.7758765555083516
2000-03-20,-14.599279187237983,13.541357585570312,-3.3140918660405227,-1.9380515435435248
2000-03-21,-14.36224297407446,12.737975323659791,-3.4879885789042655,-1.1547121090096568
2000-03-22,-13.83750963372205,13.338340570957685,-4.039134572272495,-0.6117810195172053
2000-03-23,-13.577181864028027,12.851746922296222,-1.5418986451308556,-0.01208474549886629
2000-03-24,-12.95733452201844,12.614802453470391,-2.582464012293973,0.9216849688491987
2000-03-25,-12.676375266902197,11.767501657329946,-1.9904354194421017,0.502348950452028
2000-03-26,-11.279209398211925,14.050659826859102,-3.5327780020929627,1.6254758929886899
2000-03-27,-11.123694497339,13.97536696567293,-4.673494490380464,1.3249405036539634
2000-03-28,-12.015549322010749,14.628200122644158,-6.030678906854216,-0.26959984249061386
2000-03-29,-12.682378782524117,15.545833141078667,-7.334578429259512,-1.0684507444429237
2000-03-30,-12.65906274121072,16.55029960738111,-7.212518929619284,-1.4773114064822652
2000-03-31,-12.946528000613062,15.457047200315358,-5.997009525166485,-2.243409857475097
2000-04-01,-13.873624772133105,16.029722705866423,-6.009995478029375,-3.9131846850816077
2000-04-02,-14.527602458331723,17.18799063000819,-6.57716540763446,-3.8069900017796723
2000-04-03,-14.98199969147345,17.6604162893445,-6.368213909875231,-2.094277260141634
2000-04-04,-15.444027174236563,17.243932596796537,-6.682253485186942,-0.48839970530205346
2000-04-05,-14.477217244624024,16.98335231625563,-7.13347196642518,-0.16413573190501146
2000-04-06,-13.999600125909422,17.194004892490117,-5.4991280534385405,-0.5791499445678872
2000-04-07,-12.940369683874957,17.200570902728288,-7.00559473060652,0.6976082421942653
2000-04-08,-13.38578044965434,16.67806090359317,-7.000445682728256,1.7867584451559366
2000-04-09,-14.144027502281201,17.386398114504612,-6.778687573323748,2.4074406265310233
2000-04-10,-13.167979157742511,16.60007839285051,-5.920047889066968,4.864233443792858
2000-04-11,-13.41204748222329,16.89772755918575,-7.874931711941894,2.9665928675467224
2000-04-12,-13.400357181607733,17.885661409076516,-8.141239652660277,2.634675954214659
2000-04-13,-14.930485080975256,17.120506999180897,-6.890998700144026,2.0616669740297264
2000-04-14,-13.61962706901979,16.85289345559276,-6.385389092587428,1.8033784053511992
2000-04-15,-12.785441382318657,17.756303604318042,-7.47225687944953,2.0587923622399424
2000-04-16,-12.942323198695117,17.134045379902542,-7.1220623661014155,2.1981564597381524
2000-04-17,-13.634734063635452,15.80511548001209,-7.78467914303592,2.428506319235236
2000-04-18,-12.565510344964508,16.327379398280648,-7.01645114160029,1.50004181394184
2000-04-19,-12.198740063716555,16.34884064683498,-7.4445391665326515,2.9526785396446487
2000-04-20,-12.431446917061098,16.646075623086983,-8.579121821989501,2.778893371066934
2000-04-21,-12.417186046123453,18.44152292559905,-10.699683382992713,1.7090968109901155
2000-04-22,-14.408803139453127,18.4250222199773,-9.054315231903983,3.6249291767206975
2000-04-23,-13.624090122936279,16.983682997759406,-6.957501897365424,4.083401270709045
2000-04-24,-14.521128070530054,17.543051899638442,-10.491637371663987,2.8070739360222277
2000-04-25,-14.812090141112586,19.599027872440278,-10.96004661207228,1.5794366258433905
2000-04-26,-14.326928505451692,19.84485238010876,-10.796016470100195,1.0563020994078534
2000-04-27,-13.678273802001275,21.405941309254167,-11.907818266584426,0.3294870263424995
2000-04-28,-13.155156287834892,23.212949544940848,-12.663099950794196,0.563926032571708
2000-04-29,-12.732863136340006,22.70192739784771,-12.011385722032951,-0.9278279831070314
2000-04-30,-13.260719059117495,21.418965875809086,-12.4186926394236,-1.504818426171394
2000-05-01,-13.550468246541177,19.753050252029944,-12.753347650083546,-0.5580772368161271
2000-05-02,-13.292694101635128,20.599046343155404,-12.31257827043398,0.7535863602334301
2000-05-03,-13.721228640084934,21.300527837332396,-12.927430447372359,1.3596046298689863
2000-05-04,-13.406652678080757,21.964837979640766,-12.468594402507485,1.7041357115001214
2000-05-05,-13.428870013185865,21.04880618100426,-13.573367959731563,2.7102028737102595
2000-05-06,-12.837871717721766,20.886077087046292,-13.57926188930769,2.3434526642044657
2000-05-07,-12.909663105742395,21.19211430507747,-13.79294209624789,2.754278353200859
2000-05-08,-11.254446126889567,20.76065498336592,-12.737670549106774,3.8019847282770005
2000-05-09,-10.619095031479274,19.40433763200895,-13.06359285999314,3.3871033202018155
2000-05-10,-12.453907319892902,18.69906683985275,-15.300863892470067,4.035696379931964
2000-05-11,-11.627017419679868,17.850976299911345,-15.440273755640641,5.592216589292821
2000-05-12,-11.63842547186702,18.111218327621472,-16.28245752547151,5.907326466389385
2000-05-13,-11.811639571703253,17.85745100244948,-17.054606203527857,4.899429995384802
2000-05-14,-10.28990754410317,18.17501063557586,-17.419860276662792,4.128759344109345
2000-05-15,-11.015878679302089,15.96037840824788,-16.903311343827724,5.443610519361525
2000-05-16,-9.76502652961788,14.989345454116627,-16.633084310968012,3.0699591342858197
2000-05-17,-11.078946625406433,15.768456857861471,-17.998150767237775,3.6858237944480425
2000-05-18,-9.616512979308022,16.82818001235104,-21.8545042400393,3.2995100616556057
2000-05-19,-9.067937435204282,14.812864183100494,-20.387189004437825,3.526909237236851
2000-05-20,-9.148835215912642,14.395588091092291,-19.752946896275297,3.2698738130731764
2000-05-21,-10.579708514030793,13.837738903965471,-18.53884427960778,4.145490341261639
2000-05-22,-11.490143070450086,15.078113375855413,-17.096567550964814,4.742618522259529
2000-05-23,-12.515103355715276,14.997741241451612,-18.71847319118355,4.659292614935562
2000-05-24,-9.81005099781395,14.993114369884484,-18.199224873072897,5.03680684870312
2000-05-25,-9.394042538274292,14.425500494586627,-17.481401757315012,5.160342379972933
2000-05-26,-8.908344080682957,13.592347934676503,-16.268270659599853,7.646918945692675
2000-05-27,-9.245945337583377,12.99356861092465,-17.755670503373565,5.800280246514924
2000-05-28,-8.937062319725994,12.43204875316408,-18.955675076513344,6.366034485993324
2000-05-29,-8.38202175838958,12.688284116637226,-19.657896247617924,6.65529091666076
2000-05-30,-9.582996850326971,13.224501086150148,-20.432013394317213,5.984320029316458
2000-05-31,-10.025584082171282,12.741204884098307,-21.238621617704567,7.032270930801289
2000-06-01,-10.181639724743198,11.476015915077177,-21.66638580470135,7.495763913919392
2000-06-02,-9.38044884772036,11.236997671380443,-22.12513341657091,5.875367410228587
2000-06-03,-7.872145941840243,12.684841230572642,-23.6990808216419,5.652143906507422
2000-06-04,-10.017613774678232,12.252492166113568,-23.6098724740496,5.707025058030281
2000-06-05,-10.30845792802824,13.322478758437112,-23.177161298110963,4.678777710071175
2000-06-06,-10.463657073297616,14.505661408284638,-23.782492682900468,3.8857029348361665
2000-06-07,-11.107384217157263,14.132834019318791,-24.673829181000684,3.9117938871102336
2000-06-08,-11.793551715120527,14.394517254380114,-24.332056527348445,3.2111069886938397
2000-06-09,-13.736392269462753,14.80414602208135,-24.184572145924903,3.9776560508790935
2000-06-10,-13.615295713126594,13.709424062341071,-24.706407908789913,2.1213511826549785
2000-06-11,-14.16199993204311,12.553051936070668,-23.743446605401797,2.102593189831051
2000-06-12,-15.677577219365844,12.952712101363694,-23.866003565856225,1.4402203119649193
2000-06-13,-16.082438589144154,12.138598717256896,-23.38866119651021,2.349069667868604
2000-06-14,-15.609786790682886,10.838752423070703,-24.507957003287213,2.7274642853805635
2000-06-15,-18.831914383982372,10.780298460725472,-22.6869673417775,2.3847753593375978
2000-06-16,-19.245514136764438,10.322373372417907,-21.534624519850894,4.492641022419941
2000-06-17,-20.34080274612036,12.914459983456847,-20.78774350261386,2.8659969544470685
2000-06-18,-20.540917709727914,13.20142761279266,-20.68758229070542,3.209023469951681
2000-06-19,-19.149922253775596,13.473191703561021,-21.341206692286917,4.2766084031153015
2000-06-20,-19.749753428621673,13.296393033084476,-20.85193220477126,4.031562282698606
2000-06-21,-20.28039255121579,13.61074696846566,-22.02795257860431,5.844176720800659
2000-06-22,-19.76729456314151,12.685491133689917,-21.947507822310786,5.5832596156555665
2000-06-23,-17.757733810025957,12.107506885307124,-22.346550449025656,4.638614866205103
2000-06-24,-15.561490301328618,11.925142035504187,-21.487607626648565,5.112474740782432
2000-06-25,-13.474922490747888,12.235680884793888,-21.95939772884615,4.121339142956678
2000-06-26,-13.991408200993288,11.849265935548626,-21.941558781092457,3.790545919036046
2000-06-27,-13.464999897665939,13.054586890134802,-21.93000438297895,2.7128332675332425
2000-06-28,-13.962098359530476,12.567243999176775,-21.969136797542724,3.100882814964966
2000-06-29,-16.323620519510907,14.397651135635154,-20.34161749947353,1.6960691400106398
2000-06-30,-15.36239470530023,15.28561153705388,-18.673587623432976,1.6369634424862582
2000-07-01,-16.54115614538657,16.13940556410123,-17.79602392047171,1.6423293522718947
2000-07-02,-17.860913233326595,16.388041758991182,-18.32440360312829,0.8766260754812347
2000-07-03,-18.47684909200963,15.365245706009132,-19.192602662528838,0.4016446652747816
2000-07-04,-18.78486743129822,13.333105675521722,-19.852615480920015,1.9198716232576554
2000-07-05,-19.059389827310188,11.426901558529451,-19.40472620185406,1.2997942581763402
2000-07-06,-20.30677574425225,11.833268319637579,-20.936293795747282,1.4704653586404852
2000-07-07,-19.58355970592146,12.489459809729114,-19.875711925466135,0.6416911021459962
2000-07-08,-18.229150444151667,12.236543068935957,-19.639767586538422,2.164771173443853
2000-07-09,-18.424900528040727,12.674169071660037,-19.525624203761133,2.0641244823972196
2000-07-10,-18.115307884104094,12.663674753572886,-20.9537041819841,1.411728702967895
2000-07-11,-17.44991566486176,11.48707813972222,-20.710044455400944,0.08803292579543931
2000-07-12,-18.36844233753219,12.45358377556079,-19.628371276303508,-1.3706647015441078
2000-07-13,-17.04113292328075,12.43162882252408,-19.65113303926812,-2.9503738719625616
2000-07-14,-17.628531695255443,12.737828344649495,-20.353820079037927,-3.2737860810048733
2000-07-15,-16.15180699444194,12.605438385357983,-20.856015427399704,-1.123864893559666
2000-07-16,-15.493857920476533,12.910132495868199,-22.073743219582937,-1.2368161518721865
2000-07-17,-15.319746749079519,14.908764047072601,-20.52515382010543,-1.242644341070891
2000-07-18,-16.290163755222572,16.08831892505178,-22.24846758160776,-0.8303682596979935
2000-07-19,-15.802233598869357,17.306308238355314,-20.46823413746475,-0.15093813906480802
2000-07-20,-17.200356834927288,17.37681568755907,-21.740413540694835,0.12736137100066647
2000-07-21,-16.84795074191069,16.979962782185176,-21.44003569888074,0.2710441804393239
2000-07-22,-18.08834540113186,17.08557228971648,-20.66892106564047,-1.2685723522576091
2000-07-23,-18.074469592861085,15.907507238214805,-20.925918112248603,-2.212006285025643
2000-07-24,-18.6549862616062,17.00310245162209,-21.751008560087623,-4.053945723441329
2000-07-25,-19.997808699451593,16.609747174120393,-20.632230669605086,-4.61078160331833
2000-07-26,-19.43128553749371,17.074404871970273,-21.581954605013014,-4.927798711486714
2000-07-27,-18.59262456533227,16.04782555681119,-22.41988590661415,-5.330959121461322
2000-07-28,-19.356278370790033,16.37287800343229,-24.144581312224506,-4.5844292315937745
2000-07-29,-19.104271306138465,18.55118917449163,-23.8535184000538,-4.798169402167746
2000-07-30,-17.268208375574858,18.441815066867264,-24.105772786515136,-4.457275436631199
2000-07-31,-17.04858293369113,18.198844372486676,-23.777411839879868,-4.15612534223986
2000-08-01,-17.522300599968585,16.912660947694878,-23.075559505174716,-4.362517797386182
2000-08-02,-18.811905824537845,16.86921272663212,-24.73625960410123,-6.428458501290818
2000-08-03,-16.679465942260048,15.484789369028476,-25.497568484503315,-7.2734917866989015
2000-08-04,-15.4859687953834,16.69085896706451,-26.75205694732259,-9.18752522391193
2000-08-05,-16.2033104528026,18.87685664939349,-28.29112115209195,-8.791707138477788
2000-08-06,-15.215894512043455,19.36777571952022,-28.131174518112356,-10.384767788165597
2000-08-07,-14.920321399411403,19.275479122118348,-27.224344108013963,-8.812180780968358
2000-08-08,-14.003889545404515,20.628578984606555,-28.222528775150607,-10.723272445461543
2000-08-09,-11.864718258026048,21.33441063380686,-26.360165310623472,-9.12785490326296
2000-08-10,-11.593304827835661,19.923524161818502,-26.144482634043314,-8.595681309383963
2000-08-11,-11.039770081358018,19.684094815948363,-26.779914012401473,-8.145688589776576
2000-08-12,-11.81179117718503,20.213467745647694,-28.08648065411983,-9.23172316113767
2000-08-13,-13.525648566015548,20.23891011169219,-26.1904831242608,-8.293126229694417
2000-08-14,-12.972577227483315,21.64086785913061,-25.90955255332905,-6.276915928858796
2000-08-15,-13.280872473579251,21.815273683431766,-27.04675620120206,-5.626720592891548
2000-08-16,-13.948658910463942,21.54364533150865,-28.045802078248236,-6.884489939753015
2000-08-17,-14.127256422335009,22.847714191490525,-27.045639746785547,-6.371428401805419
2000-08-18,-14.725657045468882,23.394555305307914,-27.08865701705704,-4.508681214628307
2000-08-19,-14.177596668108203,23.262670460040937,-27.194219223521312,-4.929151205209759
2000-08-20,-12.429315864423469,21.948874272426185,-27.06744717707412,-5.6971780729853
2000-08-21,-13.491092089045937,21.528571382506538,-27.007083122046247,-4.935104722954199
2000-08-22,-13.090489938576928,19.6257208125364,-26.413647296090968,-3.114468333667334
2000-08-23,-14.069425912343869,20.290841785108817,-27.324191143480075,-3.1851500891921263
2000-08-24,-15.035874710980051,19.228908398966407,-28.12476594932247,-2.367922018000845
2000-08-25,-14.81784577032408,19.19014371274298,-26.955489969955774,-2.0205201327201134
2000-08-26,-15.507523880261527,19.80838312162098,-27.285315662522073,-2.5165102890331963
2000-08-27,-14.986494469044505,19.33333336262546,-26.780588488589906,-3.532314781386529
2000-08-28,-13.75353652209112,20.11145339423884,-27.492188835448037,-3.0874688139043873
2000-08-29,-13.300247099755046,20.73048494593226,-27.554204073174947,-3.356241090168022
2000-08-30,-13.852781782431125,20.0972945242828,-26.71103175750909,-3.9948339586281634
2000-08-31,-13.573392035045568,20.768940613380806,-28.16004915887657,-3.3339214374871458
2000-09-01,-14.835268629382952,19.464226043648278,-28.079094898643383,-3.4569798817080346
2000-09-02,-14.459163974159312,19.854970784596986,-27.92042353649868,-3.8580806731916626
2000-09-03,-16.61933935163408,21.465667894572327,-26.24428261264754,-2.593791290592052
2000-09-04,-17.419425907529373,22.716611138428703,-26.39473449448919,-2.0080347259908438
2000-09-05,-16.47099270104884,22.013546364156202,-27.13496074478178,-1.8192213976320744
2000-09-06,-17.302719063789645,20.937710216057567,-27.116127431511128,-2.8072394916467296
2000-09-07,-17.256348893856348,19.717591363916842,-25.36974713961659,-3.0772230221883143
2000-09-08,-17.057339102796977,19.264352020587285,-24.5817087824807,-2.606007264085464
2000-09-09,-17.44167528866876,19.706072986690092,-23.686055440006193,-3.3417181065773685
2000-09-10,-18.307011584759074,19.684908424034145,-22.11328750236455,-3.71320982670895
2000-09-11,-16.902255184261698,20.76821244448919,-23.717454864291877,-3.4893084583423484
2000-09-12,-16.1897629425529,22.474298186273668,-21.39035104411895,-3.471948282243863
2000-09-13,-16.603182808820335,22.961185124113506,-20.557612813529413,-4.1787613672800665
2000-09-14,-17.148684742673556,23.722359380656812,-20.56288918799118,-2.759295019654527
2000-09-15,-17.614412166643245,24.931232149599303,-20.6514760978888,-2.5991937722718994
2000-09-16,-17.180414203497463,26.251200297771092,-20.062216691635346,-3.224833987087779
2000-09-17,-16.078481146187475,26.386061411246196,-20.39966417049163,-3.931926233299842
2000-09-18,-15.196058832423471,26.51394619364144,-20.869760152837134,-4.255408496519455
2000-09-19,-14.495937473880232,25.989202694722263,-19.835916506962572,-4.2533020670427
2000-09-20,-15.49321094424695,26.238827644694865,-20.03627536000405,-4.49829569085173
2000-09-21,-15.496878422881263,25.775417283202295,-19.89611713864051,-3.802752448144293
2000-09-22,-17.93006002799936,25.39713846320712,-20.06811164570491,-2.8727342879435316
2000-09-23,-19.00211385037668,25.00602982573617,-18.89964362495138,-3.968483404188752
2000-09-24,-19.94170713657848,24.740253610448192,-19.073397789021758,-3.8725043576970917
2000-09-25,-20.52024607494231,24.248150741452292,-18.889285189568334,-4.464868525260055
2000-09-26,-22.3781296299416,25.710850479057058,-18.035572966270504,-5.443571338175603
2000-09-27,-22.017306011855204,26.01433911885455,-17.967055942575534,-6.3393973234667245
2000-09-28,-21.024670420438547,25.62827129731146,-16.59480651161709,-7.910540300879719
2000-09-29,-21.843138461486543,24.202031847940987,-16.02022652673892,-10.788600175056729
2000-09-30,-20.371522406067704,23.631821071123877,-16.112556014444575,-12.155022718233388
2000-10-01,-19.514566677372382,25.355038459028854,-16.615328166478662,-12.280488670990836
2000-10-02,-18.272004780293265,24.71390507669789,-17.36946410155345,-14.166216863496167
2000-10-03,-18.72891534331353,24.030024660014032,-17.25999062875804,-15.070184448705621
2000-10-04,-19.06361645504636,22.995223891810646,-16.95746608922385,-14.383770479118056
2000-10-05,-18.812684921441257,24.128371545812488,-15.831576582710126,-11.736494084094941
2000-10-06,-19.593509717036834,25.762184712191946,-15.250607196830648,-12.986541318889424
2000-10-07,-19.987523917617796,26.099492193885702,-14.755305590633855,-10.86922975381982
2000-10-08,-19.412687604093353,25.41083679538854,-15.518520583483559,-9.424991466144974
2000-10-09,-20.637044703973682,25.566337606200573,-15.70463564602011,-9.365968955843275
2000-10-10,-18.4057291040842,26.42695329883304,-17.166785249760196,-9.555437628252639
2000-10-11,-19.58213135507562,26.32680532212491,-16.563934046003038,-9.370052929047228
2000-10-12,-20.63637839026144,25.507533583947602,-16.152163251288766,-8.892089302625614
2000-10-13,-22.550076700736163,26.174256415263805,-15.12076719836562,-9.30409611909762
2000-10-14,-24.082319845287316,27.407045944011077,-14.56676530817515,-10.342878585369482
2000-10-15,-23.355697044041598,28.066939414584397,-15.041721840371663,-10.298545563101161
2000-10-16,-23.427404808978046,27.92951345670851,-15.655958204300257,-11.075451790216814
2000-10-17,-25.186411962405526,27.973215525373167,-16.074558272599152,-11.308777994385222
2000-10-18,-25.11332425263348,29.278788835588138,-15.123654035472903,-12.919207276503133
2000-10-19,-26.761017041092703,28.68228701237598,-15.22441543029061,-12.181721563669171
2000-10-20,-28.23079809041367,28.26284731321099,-12.293100045343808,-11.014590811879053
2000-10-21,-27.393512356931282,27.514507763576304,-13.565564190141107,-9.509683201969835
2000-10-22,-27.24993863198767,25.64509836186603,-13.49618289082823,-10.644810910726022
2000-10-23,-26.38738887209511,25.44351283413687,-13.375930262931364,-10.932049658789676
2000-10-24,-26.760131759542105,23.768500240246894,-13.181091355575642,-9.723250225890885
2000-10-25,-25.908010073085638,24.150625122991723,-15.326536631833157,-7.821957466371965
2000-10-26,-25.201731887479827,24.535563871802033,-14.611199639972424,-8.641989825429308
2000-10-27,-23.83306128387813,24.50732476149907,-15.369875614768953,-9.576401742612184
2000-10-28,-23.51966426341028,25.92592060244619,-16.0903422213134,-10.718668385670266
2000-10-29,-22.993083305960226,25.833194121864555,-18.033252784781748,-13.258004404135031
2000-10-30,-23.300011100915825,24.30253805102674,-16.836455238070947,-15.03184951775623
2000-10-31,-22.88762952079125,22.99888874818713,-17.439815439716163,-14.74207102946937
2000-11-01,-21.4028429656912,23.312341983132733,-17.96280604562534,-13.558571341002526
2000-11-02,-21.49741969135217,23.368805834503586,-17.00995402549126,-13.634818548947635
2000-11-03,-21.669704435652644,24.91356568922279,-15.2956343952998,-13.197198617903386
2000-11-04,-22.96502377972068,23.55525543434751,-14.692591423058722,-13.449744008178735
2000-11-05,-23.64850696739748,24.257440372314765,-15.237160078475624,-13.135507875263238
2000-11-06,-22.81097632008531,24.703850519282483,-15.431611427271106,-13.46881555398897
2000-11-07,-23.091162591095383,24.1792958232552,-15.204351276197457,-13.934667754517767
2000-11-08,-23.133389420239073,23.88325887238432,-15.252358921610178,-12.975604871795733
2000-11-09,-22.764323945540315,23.20069092229536,-15.881263881856153,-14.173674699845163
2000-11-10,-22.47678028018103,22.638330079561328,-17.71889532054054,-13.804798514741309
2000-11-11,-22.340368304888226,23.64283043853289,-17.684217358939076,-11.954357833064059
2000-11-12,-21.556448324370617,24.205342848909773,-17.030855028418067,-12.59506457746096
2000-11-13,-22.40734146545171,25.17711707910952,-18.078557060032356,-13.298049011837517
2000-11-14,-22.754099343057923,24.855134221046452,-18.88816766998214,-12.852307728099719
2000-11-15,-23.0722473522099,24.374702417148832,-18.8228697086009,-12.7821443460365
2000-11-16,-23.215596298186565,25.096983842025956,-19.059297327474223,-12.320768752700875
2000-11-17,-22.435166665622845,24.426473154892893,-18.455998144243214,-13.950100763798915
2000-11-18,-21.590386603226168,23.561336663152943,-16.46726357456174,-14.404426807420228
2000-11-19,-23.60124180900903,21.918670651102495,-16.193095615068966,-14.09438583424416
2000-11-20,-23.21631875373183,23.22963526356468,-17.074027938871918,-14.478309306654266
2000-11-21,-23.034775806736807,22.65367754264534,-17.171511530029136,-13.743780710485929
2000-11-22,-22.087506165475904,20.931600718589586,-18.278125258645193,-13.71603921061752
2000-11-23,-22.52611218316124,20.2140247683543,-17.7287626540136,-14.92814727052902
2000-11-24,-21.674292445059823,20.468039199452477,-18.923507737001216,-16.17860880556122
2000-11-25,-20.616637856703925,20.12678169832461,-20.062137158772053,-13.87183743514533
2000-11-26,-21.569048027345215,18.832743615721316,-20.644018708169664,-15.676207122487142
2000-11-27,-22.145426329396116,19.450082069654055,-19.550843542654956,-14.56358776561058
2000-11-28,-22.98054976628554,20.241189439774327,-19.271758021041194,-13.934937286631211
2000-11-29,-22.33853557784453,20.47248185912227,-19.025762311533484,-16.143216377916392
2000-11-30,-21.337774450430924,19.30993843581849,-21.272759320065063,-16.066561600292754
2000-12-01,-21.04954100123034,18.910970676794477,-22.23389440683009,-15.185078672924401
2000-12-02,-21.47207644349224,20.44741004282692,-22.113394438536094,-14.934969646964712
2000-12-03,-20.109660682811356,19.562131960744875,-21.333575847447225,-16.471592374211983
2000-12-04,-18.233691533206304,19.821667528507806,-21.354240445337087,-16.131524287365174
2000-12-05,-19.17847137172375,19.45276597936041,-21.21287490367701,-16.20785095163592
2000-12-06,-18.763523651152358,18.91792538491345,-21.086771105701974,-16.95184179635115
2000-12-07,-19.32516138923811,19.967330198167964,-21.45805525188243,-17.323177302149823
2000-12-08,-18.942248230770332,17.718232503054153,-19.72260408491126,-17.638990979872485
2000-12-09,-19.462565902693687,18.7778979615245,-20.460544998641833,-18.357675047577857
2000-12-10,-22.10074086704588,18.174501519536467,-20.013160999567525,-19.787516573411544
2000-12-11,-22.26423025650892,18.169315866297698,-18.696661739693113,-20.387591469326523
2000-12-12,-23.377093090508062,16.101497721617513,-17.13516878545544,-20.00322896445416
2000-12-13,-24.85986733539044,15.146233885465652,-17.498661070849135,-21.079925502045384
2000-12-14,-23.62994506634766,14.978714188998515,-18.149232044281135,-21.05213478229025
2000-12-15,-24.46754930593812,13.578706347476075,-17.104915439825465,-21.522894641294382
2000-12-16,-25.11476898085187,13.388471275175746,-16.274699328829367,-21.01014584469417
2000-12-17,-26.085163028577917,13.044378856511479,-18.613596399405697,-20.753329492323445
2000-12-18,-25.821374066207397,13.688575214400993,-17.26353390440036,-21.59416284736163
2000-12-19,-25.73525041848375,13.088561851471937,-16.415049291897663,-21.254884540841864
2000-12-20,-25.33548885584824,13.974469773611636,-14.2590888069638,-19.583726987816192
2000-12-21,-25.962903634569667,15.13023666623237,-14.902552563940823,-19.511210894623094
2000-12-22,-27.479934674332803,14.054561431985976,-13.95876490486187,-19.758320793619482
2000-12-23,-27.88228364454334,14.145492316911202,-14.141973112960741,-20.385831754399337
2000-12-24,-26.776690202378006,15.696846519098417,-15.848616744572427,-20.433253866636544
2000-12-25,-27.27161407163152,12.120861502229276,-15.073456101311422,-18.769137311122126
2000-12-26,-26.765884743628092,13.426969101499711,-15.442469672605583,-17.277075190575676
2000-12-27,-25.57663068745142,12.553540649677624,-16.30495732138271,-16.340381708309877
2000-12-28,-26.15615059009068,12.343352125879198,-18.041474096675394,-16.736174532279733
2000-12-29,-27.08038617470095,12.981198994169526,-16.81230834306809,-17.33739821366976
2000-12-30,-27.654759617304833,10.971866692576812,-17.075552308258896,-17.445880542405707
2000-12-31,-25.714543341263884,10.878946338800914,-15.908035855406522,-16.32793756254667
2001-01-01,-26.854997817030263,10.555338931604917,-18.686298582545444,-15.047620710777931
2001-01-02,-28.498261885559174,12.067755482065875,-17.735067899354885,-16.748346678527636
2001-01-03,-28.05433938357235,13.14699999930868,-17.29870473256628,-17.176744570014492
2001-01-04,-26.609674540751914,12.299550610009096,-18.712422462121197,-17.43498137391308
2001-01-05,-26.360928919913583,11.985988616805532,-21.088209372247427,-18.131754582828286
2001-01-06,-26.265994195465918,11.856778892679856,-20.65616699092543,-17.70732520515634
2001-01-07,-27.072787933349343,11.191645229017917,-20.622064778614845,-17.832968531225394
2001-01-08,-28.247054109828166,14.34327517270229,-19.787923998888484,-18.15646980710633
2001-01-09,-27.904053799298534,15.044087135063371,-20.215386454585033,-18.605298799068002
2001-01-10,-29.790335188442263,14.623468710338644,-20.584287435225793,-18.728354059086016
2001-01-11,-29.261805936483487,13.439550340489019,-20.888436429860768,-18.0004533111153
2001-01-12,-28.830666280640877,14.249934504003457,-20.463861539895497,-17.536119680767953
2001-01-13,-28.319555901039593,12.651565216109125,-21.32971712847935,-16.689088104236358
2001-01-14,-27.74378027657008,12.954192299461818,-20.90576522002359,-17.031954067129828
2001-01-15,-28.85519755666234,13.502052364541354,-20.766792326126577,-17.9705167257852
2001-01-16,-27.43580536936842,14.469741654345215,-22.77006538495462,-15.924414621439258
2001-01-17,-27.68245928754247,14.226533442229037,-22.656545694294774,-15.422188280593963
2001-01-18,-28.466623214615325,15.585491121042278,-23.62417189774924,-15.416466423729691
2001-01-19,-28.216974229689768,15.523413131471678,-22.59736508443837,-14.827039150888542
2001-01-20,-29.112918095783474,16.19996268728475,-23.067335143927536,-16.85496089325668
2001-01-21,-28.650372825490624,15.64931926576147,-23.41329351512634,-15.736773323664
2001-01-22,-29.396483873043593,15.760630103377492,-23.712678225707172,-14.848744270139003
2001-01-23,-29.84306901738852,15.648925284185697,-25.311513179699443,-15.446384851997266
2001-01-24,-30.43069564568521,14.921983736552763,-23.86258123228919,-14.299804178800436
2001-01-25,-31.198164497652474,14.836778802624723,-22.913994093652047,-14.669735188256453
2001-01-26,-33.106184141793236,14.771167593710418,-24.09603065838995,-16.648717113685002
2001-01-27,-33.47253868660773,13.729807328319158,-23.309598984105303,-16.28513535736709
2001-01-28,-33.65055307303328,13.698946071779579,-23.167879858834468,-17.062025555981453
2001-01-29,-34.423236489606026,12.238850513918877,-21.883846053734604,-16.432844123596883
2001-01-30,-34.90536020645753,11.753622596481673,-20.42706121805502,-16.06237471331275
2001-01-31,-35.18037323077766,11.745989918274123,-21.083818455021717,-14.66708678418739
2001-02-01,-35.66341388520651,11.137603837641002,-21.214221503018585,-15.087955700186887
2001-02-02,-36.277201527784754,11.33687373556403,-22.84640278680736,-12.64366205292915
2001-02-03,-35.998167585048506,11.007134589715983,-21.662441233092046,-12.42638237188143
2001-02-04,-34.92356135574052,11.76174167362044,-21.69503194332739,-13.604571053310938
2001-02-05,-33.9099258139196,10.930320149045011,-21.829208263916062,-13.862774352227314
2001-02-06,-33.161425883669104,14.086963943273158,-23.522087429339045,-12.487130072025742
2001-02-07,-34.49383034544843,15.331621987712087,-20.459856618750013,-11.144067891024187
2001-02-08,-34.51477204542098,17.558702776357222,-19.321071137167998,-9.818364034388704
2001-02-09,-35.48484512057269,17.365377073674445,-21.659654643513814,-10.397683525593937
2001-02-10,-35.51032436759555,19.178456040564818,-21.283169081055075,-10.67970995190579
2001-02-11,-35.465728614981394,18.67536800861712,-20.558754881086223,-9.988662520884073
2001-02-12,-35.37223173488532,16.701254252772546,-20.545683815247216,-12.907722965947748
2001-02-13,-38.37742819566554,18.51266289542287,-19.238558922941166,-15.104750075816458
2001-02-14,-38.882447343271664,19.694273284829297,-21.092811431364574,-15.733255855042549
2001-02-15,-39.82364551015475,18.632781272303742,-20.72860246126604,-15.903177734892894
2001-02-16,-38.13788037816834,17.426941366412567,-21.28963335957771,-15.051880309912097
2001-02-17,-37.49964129641062,18.03183450928605,-21.98676386517075,-15.277565759282663
2001-02-18,-39.53480046367391,16.909882942751672,-22.407363569570467,-15.311737472968288
2001-02-19,-40.71617646997785,16.207203489518594,-23.095921967928085,-15.786035964100245
2001-02-20,-42.04996763883702,15.883189582325084,-22.890192530419395,-18.130980386179235
2001-02-21,-43.804707690249934,14.768843400347698,-22.755525668144546,-18.637385746854232
2001-02-22,-45.60913072760441,13.86902945842398,-22.59681908652567,-17.711127958670588
2001-02-23,-46.34697981212788,15.130662133673098,-23.685689869695608,-19.332340917201392
2001-02-24,-45.711030938075105,13.762364234413461,-24.162131983181375,-20.555322576828942
2001-02-25,-45.91182492741743,13.82970462014116,-25.230578941536518,-20.772481212511547
2001-02-26,-44.7897435891939,12.746192766952424,-26.96942176199979,-20.830148800293706
2001-02-27,-43.8431190877418,12.731887059336273,-27.027148302004004,-19.90920649181473
2001-02-28,-45.5161010178215,10.936472359954767,-26.659658387889053,-19.797732855057248
2001-03-01,-46.317245955460876,11.10691670985139,-27.370519046498956,-21.742737552901016
2001-03-02,-47.52578203447358,11.995466240400074,-28.37871340420848,-22.47293522369411
2001-03-03,-48.34840983692851,11.016065604835294,-27.81750646046513,-21.144129253719672
2001-03-04,-48.886384347734605,11.022294068457102,-27.848881502098614,-20.160339289254477
2001-03-05,-47.154988374717185,13.157278816237364,-27.475827085053723,-20.431348740631638
2001-03-06,-47.82497152451243,13.80986442725558,-28.606995728065627,-20.89835607163939
2001-03-07,-48.03283821444499,13.012270487256496,-29.679375134511794,-21.846713905528585
2001-03-08,-46.00541254227019,13.093765903360326,-31.925088406047973,-21.720464371595156
2001-03-09,-44.86617356684375,11.94828424068759,-31.29107218871412,-21.97062741145886
2001-03-10,-44.03380340909623,10.266881912562209,-31.25447107423622,-21.36063073062372
2001-03-11,-45.50667301563334,11.351099876338525,-31.77910131234902,-18.937838143262628
2001-03-12,-43.529781312618084,12.263059897569159,-31.982838317218153,-18.955023251350408
2001-03-13,-43.62664831181394,13.466646230635341,-31.460556078838454,-19.63838208329025
2001-03-14,-41.73308831468361,12.875096551178398,-29.497473543687892,-19.47206375348302
2001-03-15,-42.170493824260404,13.022725859774585,-30.779362515702836,-19.895616854927137
2001-03-16,-41.8496906315938,12.721769610497757,-29.507203711774437,-20.89533211605108
2001-03-17,-40.698840891610175,13.186266658665978,-30.38950364829774,-19.654888994334147
2001-03-18,-41.207122421918655,12.188670492714458,-30.466689702024063,-19.889210317029576
2001-03-19,-40.459636640290235,13.767500620129706,-31.830889266703235,-20.147634285879622
2001-03-20,-40.90936928381782,14.077132797057907,-32.02510371518772,-20.47268882407641
2001-03-21,-39.187527251970764,16.132363328450577,-32.90858849668384,-20.506362633047353
2001-03-22,-39.03698308383263,14.54631396686507,-32.28885283349831,-21.028271124523126
2001-03-23,-40.327854395095734,13.752852080509545,-33.25683897618878,-21.809707958433524
2001-03-24,-40.94549791242679,13.485594649602026,-32.01465566291432,-20.5910336812665
2001-03-25,-41.09326039448808,14.184381212398918,-31.22952722017844,-19.89317243451154
2001-03-26,-39.24573700385768,16.15067865445854,-33.369312380019466,-16.855863347707903
2001-03-27,-38.87987028441978,14.490334495519678,-34.18536346401594,-16.226810388929344
2001-03-28,-38.45918974629915,13.802340965254219,-33.05452002182613,-16.1237453154375
2001-03-29,-38.37042311375174,14.742911270477933,-34.355483675699126,-16.706686313931396
2001-03-30,-38.89935172691863,18.001551404817604,-34.160896925435814,-17.259142107823735
2001-03-31,-38.11542506545269,18.624304863824854,-34.43293022347019,-17.22858804931114
2001-04-01,-37.64521808323987,17.751200325694008,-35.02394050088616,-18.171898992477548
2001-04-02,-38.60616299086446,17.430915929900586,-34.08380091054954,-19.691344532589415
2001-04-03,-38.80461762534988,16.855615870239237,-32.48065358022857,-19.802837998156686
2001-04-04,-39.07530525581374,16.681446787279544,-33.553667955569644,-18.674331464698383
2001-04-05,-38.54499157312159,17.444276453664237,-36.01226633688962,-18.837553699832895
2001-04-06,-37.26969404358118,16.492996745446792,-35.96272109510848,-20.317593968778294
2001-04-07,-37.061246764705764,16.7768176929731,-38.314328050180336,-21.099954410568944
2001-04-08,-37.865610407552076,16.08826218366817,-38.89063008877848,-20.395581894314716
2001-04-09,-36.2236995658639,16.308275417118512,-37.67492514339987,-21.367775252993997
2001-04-10,-37.011706299776236,14.640136750900272,-39.09369881771385,-21.138688000536433
2001-04-11,-34.790430535684216,14.551647970368432,-39.941311767264345,-20.69461640392669
2001-04-12,-32.41961376495276,16.668882224131668,-40.404985950301906,-20.382297993368653
2001-04-13,-32.02907550182687,16.395090250103724,-39.101845034149584,-21.127791560510307
2001-04-14,-31.85526698011277,15.457007921205284,-39.16571125521426,-20.884629859278604
2001-04-15,-30.53836627456091,15.244804039044997,-40.6625888768215,-21.62582275286537
2001-04-16,-32.042977515156586,15.954789028049062,-42.41952545005732,-20.94796910892471
2001-04-17,-31.968740885115448,16.191120466502813,-43.529981185242356,-21.33166446823135
2001-04-18,-33.41927473033772,17.407360289182467,-43.76107096354833,-22.413042708220797
2001-04-19,-32.08514411880033,18.48627241248761,-44.07960631712038,-23.261084585788907
2001-04-20,-33.095199952438634,18.17939714866965,-44.59954303531905,-24.416337862857592
2001-04-21,-32.66823387333565,17.972172259790625,-44.02155040313718,-26.44576222380271
2001-04-22,-31.10728096967758,19.075910491921054,-45.148236637061586,-27.458148189909128
2001-04-23,-30.030818530528308,20.103467202734535,-45.14715361223267,-26.036342760638796
2001-04-24,-28.48657190760183,20.163927291069847,-45.30273008979508,-25.100919556225442
2001-04-25,-27.281282414258246,20.341635496563548,-46.85178052687152,-23.615414160937895
2001-04-26,-27.780192285889967,18.444953162702234,-46.53133796216766,-22.64630353678038
2001-04-27,-28.194778960736798,17.94217579496197,-46.82436474809687,-22.94278058406224
2001-04-28,-28.900119442149443,17.423101044079253,-47.61254063561745,-22.98542753337662
2001-04-29,-29.441871362609923,17.76353355576334,-47.8526644047326,-22.177038749923348
2001-04-30,-28.870055259756253,17.651403155984003,-47.776414825780165,-21.644274276639305
2001-05-01,-27.79733443449124,17.781699730695514,-48.697221675454934,-22.553696133282298
2001-05-02,-27.560702602437487,19.075630243691933,-48.988111189610905,-20.695053358641978
2001-05-03,-28.506687561871026,18.432450684492522,-50.397942888583174,-20.940114158947132
2001-05-04,-28.04648366962062,16.838290924513505,-51.54428984052756,-20.995016101306067
2001-05-05,-27.551039189831105,17.999778884170208,-50.417175960323256,-19.834041052096957
2001-05-06,-28.943005295696473,16.505906074006486,-49.65159696717381,-19.838046801195944
2001-05-07,-29.22628167617344,17.308155946391775,-50.27671054802409,-18.465650997704564
2001-05-08,-29.001075908038086,19.479977320106336,-50.45395505227006,-17.88169560892349
2001-05-09,-28.393591884576512,19.22802408388873,-50.97442370090174,-18.586078457094015
2001-05-10,-26.48008212185384,18.64291315469116,-51.33311675177184,-17.7170052347677
2001-05-11,-25.767181695572106,18.58713301504844,-52.50810766543054,-16.780839116676685
2001-05-12,-26.651896884971663,18.35409558720724,-53.57760189755931,-16.35889837946438
2001-05-13,-26.3717260593176,19.31466400459356,-53.136337301931576,-13.220668094704013
2001-05-14,-27.18918200919704,18.917651921251117,-54.853183674461526,-16.71147314361993
2001-05-15,-24.8343488468184,19.948341658910145,-53.85427757432793,-16.2264964594756
2001-05-16,-24.22322224493465,19.93506573178365,-53.120961863181115,-16.131592778395735
2001-05-17,-24.572244520236687,20.401805479424198,-53.752452778366056,-15.883772059002638
2001-05-18,-24.391512110574343,18.042828767918568,-53.66898268727098,-16.78872463317704
2001-05-19,-25.650618584322682,17.97759180571447,-54.51941348606107,-16.065208373989588
2001-05-20,-25.975474923058947,18.31942615053233,-52.49190843779423,-16.113868696706987
2001-05-21,-26.880081795962006,17.845377619764616,-51.89997786125008,-15.573444254540194
2001-05-22,-25.853197735552907,16.662763474302068,-53.02215769185462,-14.34210395583444
2001-05-23,-24.514585028452125,16.34674624026087,-53.81744759051301,-15.401535966250394
2001-05-24,-24.42330869739093,17.176651128764078,-54.315176748146285,-16.13857285219388
2001-05-25,-25.091864963409584,16.957214360933936,-54.5816865515361,-15.30362122891276
2001-05-26,-25.830282121526583,18.27300804839151,-55.23219699658581,-14.287588691233339
2001-05-27,-26.315099593798305,18.043564414733947,-56.38218499578455,-13.606322850831617
2001-05-28,-26.30517049196361,17.071479530259737,-54.59112740526173,-14.896649733023569
2001-05-29,-26.680833246119104,16.876415231696598,-53.14779863620318,-14.991867761208217
2001-05-30,-26.720525100033555,16.741141549865045,-53.33469010344932,-13.678242771193364
2001-05-31,-25.142792566135228,15.184374622845633,-51.05362290265239,-13.46055021312352
2001-06-01,-24.54045936363557,14.752510003979815,-51.71680347934198,-12.967487798887335
2001-06-02,-24.292210162207624,15.209958139437395,-50.8585583717968,-13.06171212525488
2001-06-03,-23.767731093853488,14.93565792438307,-49.008872308186966,-13.230293431489416
2001-06-04,-24.95381704038405,13.257726744194104,-48.695536597110554,-12.578598128162199
2001-06-05,-24.199568021450066,13.742828970124691,-49.05428439211339,-11.607283703766662
2001-06-06,-24.639513444888017,15.487985059931674,-49.021454697963534,-10.411987436875686
2001-06-07,-24.568495192783413,15.930320310553839,-49.50204838259172,-10.4927566948713
2001-06-08,-24.088986706610562,17.010446080341012,-49.023308727077406,-9.210897623410816
2001-06-09,-24.446213049305474,17.838535715667078,-49.77418525664274,-9.843385308454152
2001-06-10,-23.409304776080916,17.071378447364218,-50.70366646893059,-10.752167957645423
2001-06-11,-25.207751756936084,17.04691525267963,-51.31138592960397,-9.42942637578507
2001-06-12,-27.125781487669872,19.167090226504836,-52.24115899873823,-8.242265681750599
2001-06-13,-26.73146866163807,18.6907515890112,-51.91732713983879,-6.697597084695319
2001-06-14,-27.15238449607139,17.742227820457302,-51.22431724241193,-7.728717260501027
2001-06-15,-27.828598836077802,15.581271251879585,-50.05892233598768,-6.952410283009083
2001-06-16,-29.048360174921296,16.13215687987942,-51.18349375812044,-6.699566936740461
2001-06-17,-28.501835822205408,15.840518231950245,-50.68632275671879,-6.10659322465661
2001-06-18,-27.054488526002046,15.365447671553403,-51.4263832754182,-5.319552939559386
2001-06-19,-28.335361543912878,16.5925555660844,-51.37399684167932,-6.385733468811075
2001-06-20,-28.426205685858665,17.35651622224905,-49.47586025634973,-6.239167815157462
2001-06-21,-29.270604977010517,17.31157474253714,-49.50125676359485,-6.9732772699905885
2001-06-22,-30.627505324352665,16.052799004183846,-48.290010950140065,-6.512769596242274
2001-06-23,-30.844615010253893,15.585544128575682,-48.9200130400483,-6.601118372700814
2001-06-24,-31.964422253349163,15.845842624464838,-49.03805747439003,-4.335102847809363
2001-06-25,-32.31782894640514,16.98292583126623,-50.537608107790405,-6.0196691017725215
2001-06-26,-30.969743813548785,17.87130121479545,-51.05877313103649,-5.524155177604417
2001-06-27,-30.823179474457767,17.920752202332018,-52.86168858167199,-7.087901670288613
2001-06-28,-29.040328752799866,19.28411791536335,-54.35691631733952,-6.96144864312912
2001-06-29,-27.93494018451776,20.139744961270377,-54.03707874899172,-6.801376854340766
2001-06-30,-28.357953985320023,19.09823852293291,-53.86241098618632,-6.227345737108831
2001-07-01,-27.74949296364762,20.480504898241843,-53.387085183273555,-6.359177264520714
2001-07-02,-27.537694034742238,18.766236130185757,-52.81352017020723,-5.868816216181621
2001-07-03,-27.632250100537398,18.28179700470513,-52.42247642583874,-6.789789153377602
2001-07-04,-27.798223521639635,19.400115025241394,-53.53937790149371,-6.926541059375821
2001-07-05,-28.29546239955459,20.91571824310498,-52.555213884764974,-5.767603474156684
2001-07-06,-28.521180228509696,20.15275955763085,-52.157779506726946,-6.650439609077341
2001-07-07,-29.0047610679501,19.940587329483936,-51.08363503113762,-6.505353252885152
2001-07-08,-30.697163920283643,20.411309240667016,-51.50685660485694,-6.3841566090035595
2001-07-09,-29.833107540701267,19.517927176552345,-51.02798230419134,-4.636627175992022
2001-07-10,-30.697684693188272,19.12906647665892,-51.98197315396382,-5.608586211312887
2001-07-11,-30.854377691354927,19.78495008001457,-49.96533378347181,-6.140023647384217
2001-07-12,-31.657758017008383,19.99444676501925,-49.24476997262074,-4.387566852463367
2001-07-13,-31.686030593810887,22.187718154059862,-51.00847454568299,-6.324165088734533
2001-07-14,-33.00712565243015,19.59538587778507,-50.28140054924832,-6.049791250033701
2001-07-15,-33.90319005956911,18.739850780330826,-50.852237385893865,-5.972182620213768
2001-07-16,-33.43165095102569,18.71482348159678,-49.84626570042485,-5.634383099476081
2001-07-17,-30.828513985016343,19.179096946019055,-49.038644273791405,-6.313610497778505
2001-07-18,-31.205497416644448,17.350492270448264,-48.99424045878652,-7.026609307971743
2001-07-19,-32.8770776045928,16.86424266509227,-49.04084328106271,-6.727934269043139
2001-07-20,-32.21189652381181,18.48717709668208,-49.12378460948635,-7.873623239444399
2001-07-21,-31.46556870723096,17.50411948337993,-49.253725603424826,-7.387420221417753
2001-07-22,-29.856517282613353,17.740791555215825,-47.499217862533854,-6.241308232829262
2001-07-23,-29.35414510081901,17.675426550210332,-47.074273020105935,-5.561554107227643
2001-07-24,-27.790994014177052,17.482120691011552,-45.720867724889885,-5.976795367562851
2001-07-25,-29.317152934878216,19.022081008777185,-47.08032999300672,-6.033890886911987
2001-07-26,-29.396168173263817,19.39661555992348,-47.50029544574206,-5.167493784823743
2001-07-27,-30.49941823137415,19.48488388993787,-48.2362420600308,-4.883016979563799
2001-07-28,-30.621343982815393,19.282651777062625,-47.13291242945971,-4.099279915572965
2001-07-29,-29.419959220497084,20.20682654565886,-47.441663621533216,-4.309718031543689
2001-07-30,-27.777206594644476,18.23888458218364,-45.62958596056738,-4.6613638474488726
2001-07-31,-28.001388700893152,15.73846532153016,-45.9451216515841,-4.775506667030804
2001-08-01,-27.425613453910106,17.494458963767187,-45.867455568343544,-4.846091948626896
2001-08-02,-27.695732468702097,15.656642376214705,-45.95418757478188,-4.72159148452029
2001-08-03,-26.500233632582727,15.30061340351097,-45.36162750095934,-4.104194358844758
2001-08-04,-27.382885253635063,14.931673675098514,-44.45478311093945,-4.4835587279447955
2001-08-05,-27.525425607572647,17.093958688867477,-43.28455232796899,-4.591278711185845
2001-08-06,-26.82885672477256,16.521029018213845,-44.265474631964544,-5.048245821530768
2001-08-07,-28.02436651794224,15.994539620283453,-44.89580505885234,-5.632457907311175
2001-08-08,-26.954040329292248,15.958545262424584,-44.65727158581521,-6.226121700489073
2001-08-09,-27.345008774695657,16.77276083541304,-45.48896677114966,-5.340361008622527
2001-08-10,-28.46397323574404,15.540151529949657,-44.840173768881066,-4.1795975084490875
2001-08-11,-28.051613746813345,16.01758487283392,-44.53085121059369,-4.176874648743802
2001-08-12,-27.973816989519005,16.265460135506153,-43.99355596830448,-4.88842022190503
2001-08-13,-27.707189803646198,15.611364631313855,-43.86792936957752,-4.2346661058529
2001-08-14,-27.590621623057533,15.296491820731028,-44.01091004418597,-2.2681659875403026
2001-08-15,-27.814899077173585,14.013895775993811,-43.96410810671908,-0.7514653604347001
2001-08-16,-29.07247092144048,14.545302822701967,-43.66351057019233,-0.5599894867310806
2001-08-17,-28.85033634363763,15.490061781779916,-43.917683499133325,-0.48225095930509954
2001-08-18,-29.39997692214454,16.21526429876339,-42.739939597203204,0.30898287450980755
2001-08-19,-30.12054606388754,16.81311351452631,-43.24024225324391,-1.9720845499789057
2001-08-20,-30.99444684222489,17.36539990132661,-42.22026618726144,-3.063473490002246
2001-08-21,-32.36890949885985,18.917350876631215,-42.046188567479504,-4.565279729112033
2001-08-22,-32.57149894226281,19.46268417033089,-42.50693298893995,-4.522704934378559
2001-08-23,-31.890752010725567,20.427391489928258,-42.98086559147739,-5.583489226216393
2001-08-24,-33.43073945726373,19.60127838697736,-42.27244515777855,-5.25408733966696
2001-08-25,-33.58963402071745,20.169296529995723,-43.069502942638636,-5.70556763340853
2001-08-26,-33.347255746556144,19.644095535361092,-44.33729713044354,-4.616656372171089
2001-08-27,-33.530453629605994,17.793915805466646,-43.943853805630106,-4.137631128667634
2001-08-28,-34.83421636170982,17.782980621810577,-43.956597156294045,-3.3129388651121596
2001-08-29,-33.357999474347,16.312505547759805,-43.96126986196143,-1.8971158392998944
2001-08-30,-32.81944020815186,15.21640783404974,-43.635143498104874,-2.106568097094239
2001-08-31,-32.19347335597231,16.220015079257838,-45.91922444934515,-0.9226838021965755
2001-09-01,-33.4879231142006,16.93249738193716,-44.651912228429566,-1.7646730595399147
2001-09-02,-31.40738917024484,18.38673502086432,-44.138365634806476,-2.2791107717285906
2001-09-03,-31.717701496708237,19.089060356310775,-44.30573881070851,0.11517293678597618
2001-09-04,-31.39012514289992,19.295271845367775,-44.125902106521444,0.39013934593129523
2001-09-05,-29.855386574913044,18.69595028073257,-43.72484311667851,0.7114024013772958
2001-09-06,-29.049043961207484,19.258020468591525,-44.72118542367274,0.42658772352406354
2001-09-07,-29.535907728902504,19.161337000200998,-44.600234838711515,0.26810093998046125
2001-09-08,-29.523321589864192,20.33193353111021,-43.82828689917791,0.8980221507521847
2001-09-09,-31.986926429452687,20.296751064783237,-44.5512982962194,0.3831254434563621
2001-09-10,-33.323377867751795,20.55877081574399,-45.183533894207436,1.5812413700644603
2001-09-11,-35.296981056565556,20.383012050066217,-43.90902638155945,1.151240431314256
2001-09-12,-34.55829253485626,18.18055764515554,-45.84297245682565,1.6349603379298951
2001-09-13,-34.210922513864276,18.10089720932723,-46.00849901437071,2.414786410211585
2001-09-14,-35.149317261503995,19.2472339376456,-43.94049474871297,3.827647935443707
2001-09-15,-35.65607456880214,19.507644152095825,-46.062609863316354,4.330635235416967
2001-09-16,-34.71153922413468,20.018142905320442,-45.89715298410856,4.379582069430768
2001-09-17,-34.98722186481945,20.030424941205748,-45.6391601923916,5.119429337471955
2001-09-18,-36.19085122694621,21.341862325765064,-44.42385036984009,4.522274971331695
2001-09-19,-34.93878941944065,20.407720230355764,-44.42090677569452,5.120029048242923
2001-09-20,-35.28155629267309,19.859718194282642,-44.06217816228432,6.571836447476404
2001-09-21,-34.91669887882446,19.794240504907183,-43.92801862729006,5.790244242009469
2001-09-22,-34.19440777987855,20.031010288068735,-43.227202471134305,5.729986302489873
2001-09-23,-35.964382904651856,19.552907672742272,-42.662107699109725,5.3990969639123385
2001-09-24,-35.31778807924239,20.574320070630638,-42.23536102913651,5.061227538026635
2001-09-25,-34.38033794684549,20.503223905362848,-44.50104280495234,3.80669510404121
2001-09-26,-33.830243783192,22.294059844654488,-46.23351718398224,5.165959431193724
2001-09-27,-34.40539660832106,23.098605647306144,-47.324337249829014,3.9091122554404913
2001-09-28,-33.43276600776552,23.786002133161073,-46.15979263183922,5.400520383641318
2001-09-29,-33.94449448619904,23.56159622532712,-46.15565884296247,6.6181875844859865
2001-09-30,-34.01761624927044,22.94478759430326,-46.07303423948082,6.641380857636358
2001-10-01,-33.38264945884604,23.81822117833442,-47.68252926116085,7.651014605530211
2001-10-02,-34.702106021152765,24.096284556493966,-48.875000531881746,8.874749040064216
2001-10-03,-34.23955651322838,23.721444624952372,-49.9231316967775,9.21151504891179
2001-10-04,-34.07180291267957,23.945365475724664,-49.170014285417054,9.257379795201933
2001-10-05,-36.0652453186171,24.315434464738463,-49.70645485022014,9.363958107401462
2001-10-06,-36.32981362395218,24.555170406009946,-50.334804263417325,10.068149222874574
2001-10-07,-36.67493385741673,24.941560900704644,-49.79637077462671,10.874475041641823
2001-10-08,-36.37239675068694,24.775825373172086,-48.53398705913818,10.84061940304087
2001-10-09,-37.15199898933829,25.453417488025757,-49.436740740549375,8.12285575975845
2001-10-10,-36.54772967842624,23.54247339587586,-48.88914878250243,8.521764360598711
2001-10-11,-36.50369469773315,24.158808567890812,-49.09138194495703,7.9184640452129464
2001-10-12,-36.50629328405101,23.22000514277969,-49.8689143371665,8.817456016856875
2001-10-13,-37.191437677610075,25.5445461952706,-48.74167627638189,8.947864178623089
2001-10-14,-36.2935681172746,24.182152852213722,-47.68936250262843,7.564661123140606
2001-10-15,-37.38500216214685,24.536212259102083,-47.70951969202071,6.621345632671264
2001-10-16,-38.141963423947914,23.695226105201407,-47.657886478470765,6.639873625361593
2001-10-17,-38.71069095386007,23.832031512260055,-47.80303624789431,7.100225037570023
2001-10-18,-39.310164312576084,25.05931982909583,-48.647237762173205,5.734178267265759
2001-10-19,-41.39417635797068,26.27123541408355,-48.64869463512093,4.880405196139574
2001-10-20,-38.5931674116551,25.80690804660016,-47.51671415940326,6.936121987388065
2001-10-21,-37.962183900005485,24.71570055654821,-48.7946784342309,5.4833963990473835
2001-10-22,-39.26997828182891,25.41076294074184,-48.48786956973653,4.09998238432919
2001-10-23,-38.04531875948189,24.669036690085424,-48.87243850888669,2.91341931129883
2001-10-24,-38.82763248639091,23.832826597866717,-49.49277184891383,4.1597574009790375
2001-10-25,-38.25992442496234,24.83222766159425,-50.694932747984495,3.7217952660433573
2001-10-26,-39.00088607549488,23.339845385641713,-49.61184998796102,4.241790780685085
2001-10-27,-37.51994487586742,24.14636302131975,-50.064826111431245,5.623669917346675
2001-10-28,-36.86972908344215,24.105028298469495,-48.85290571080829,4.988248342553886
2001-10-29,-35.94769845095528,24.263151100325217,-47.23850758801205,4.563626942576898
2001-10-30,-36.08514400418327,23.10896501002671,-47.331467576204794,5.9982982940643
2001-10-31,-36.93432928300751,22.321042399813727,-45.05601281569863,6.922310971885099
2001-11-01,-36.319378001225694,21.09911234379971,-44.17998497243672,7.613264151448156
2001-11-02,-36.279383358061374,19.67757486581128,-44.673090331190615,8.2491241320736
2001-11-03,-36.59194536220927,19.36599586589191,-44.82576118172516,7.8315288683796185
2001-11-04,-36.70027194538822,19.72665643249434,-45.064519227415445,7.337666172403073
2001-11-05,-37.42100930422694,20.339928368737453,-43.68026484597094,5.832602217882689
2001-11-06,-36.95018041511928,22.359502280598026,-42.968151468836446,5.949233948433117
2001-11-07,-37.52126866497534,22.32601469852776,-43.7786356271204,6.665602816588937
2001-11-08,-37.42592095544843,21.33937473133506,-43.02836901826784,6.132185228264229
2001-11-09,-38.293157271261535,21.848913853227526,-42.29835277342128,4.497236394282622
2001-11-10,-39.31825392515746,20.54384292526664,-43.40827518353964,4.74121802943577
2001-11-11,-38.1281050668223,21.45254801714953,-42.84736346172423,6.319825541164584
2001-11-12,-38.31434805619068,21.8537707061692,-42.29409878010741,3.6882883817522316
2001-11-13,-38.3489868746169,21.389230733180913,-43.05993487160333,3.8621539751213643
2001-11-14,-39.5210944267011,21.23674242185665,-41.84052266984001,3.836192333209532
2001-11-15,-40.287722167991085,23.358575563267205,-40.9567291107177,4.038798681283747
2001-11-16,-40.45446256724748,22.730853424389803,-39.99837228304539,2.706159868823749
2001-11-17,-41.25456076822574,22.10912828944464,-40.683143404546904,3.95342513881405
2001-11-18,-40.5636200719294,21.916396106868735,-40.992483070031916,4.479090287523693
2001-11-19,-38.39128650154619,21.12282305675104,-40.409133879161004,3.724917526525802
2001-11-20,-36.599996860360854,20.821279189132593,-41.34989491022343,2.664327872776001
2001-11-21,-38.050111209838406,19.70219116214657,-38.58609482109355,3.052709097341382
2001-11-22,-38.286253195362846,20.779989837900906,-38.89017740938132,3.799680100495939
2001-11-23,-39.33229497925344,21.033662951848655,-39.28522681128506,3.535145415035614
2001-11-24,-41.61291744460688,19.39581979808933,-39.51030439555571,3.5614928923572897
2001-11-25,-41.10478541398529,18.17736701409175,-40.54827841704324,3.2082026202239584
2001-11-26,-41.2809108034033,18.206866324996952,-39.95998897654913,3.478578065045991
2001-11-27,-40.714355093191884,18.218646499183755,-41.58866436398853,3.972126192275654
2001-11-28,-39.797809604768084,19.882137457228403,-39.75814469895445,1.398136289800664
2001-11-29,-40.90593202662327,19.450434341171388,-39.578244446432656,1.7486891122680641
2001-11-30,-39.909904200791196,19.457222310147703,-38.65971622634013,1.848407144890895
2001-12-01,-37.57894732283014,20.731538612296323,-38.81685423653197,0.3552857175643154
2001-12-02,-37.66900606572771,21.779485988823726,-37.884949576543235,1.4837031516049306
2001-12-03,-37.70778124684673,22.04761538654809,-38.72960723568619,1.0074680716044453
2001-12-04,-36.6808563959348,22.729444729186017,-39.354252968978514,0.6265431495442504
2001-12-05,-36.81068979220161,21.996134212832303,-39.80083414875788,0.6704486500241559
2001-12-06,-35.296724934737895,21.17401339083603,-39.54424125480687,0.8261161063298519
2001-12-07,-34.68184603519292,22.755596284131304,-39.83869813121825,0.2320347531642193
2001-12-08,-33.83148552792629,22.574458165203904,-40.964259749207486,-0.9540526314633742
2001-12-09,-35.5587799511828,23.19438172615306,-41.11434301970798,-0.35297608843581296
2001-12-10,-37.79621227697239,23.752031578167355,-41.830962184179555,-1.7267694056461775
2001-12-11,-37.30933761555627,23.762189768061248,-42.82769026160103,-1.2917767789371137
2001-12-12,-36.301052381350274,23.344996054995114,-43.24691332041174,-2.304514516250392
2001-12-13,-33.921583570980154,23.712039179776255,-44.48165815763482,-2.6409925727620993
2001-12-14,-35.26343419307504,23.092245173715614,-44.24883017013014,-1.1091088618511304
2001-12-15,-34.87886461356957,21.810066138534506,-42.491698009000984,-1.8582598781875135
2001-12-16,-34.332166000401095,22.1639535549942,-42.29043078924193,-2.0215843506584785
2001-12-17,-34.02174010863388,20.25458818611029,-41.428716420357546,-1.9887298441814187
2001-12-18,-34.66604625200922,19.590185793550653,-43.16302623176629,-3.0285862720621273
2001-12-19,-36.198392117599504,18.90034203805856,-43.53072008785612,-1.8606708617729049
2001-12-20,-36.09531431222514,19.578206745933056,-44.676637464286685,-2.144006279774997
2001-12-21,-35.38494899542358,20.417802185600827,-43.66144753349348,-2.52692275505599
2001-12-22,-35.19029517512995,21.881460758398177,-44.54080997620363,-2.4471885977597205
2001-12-23,-36.50583680234982,21.278248343632384,-43.51320008862691,-0.8527097335993019
2001-12-24,-35.0136382706644,20.574876170524405,-43.46102566513002,-2.2112844419719124
2001-12-25,-34.070760940636795,20.951044915596295,-42.482746053719076,-3.484210762229972
2001-12-26,-32.15282371001693,20.333082915430037,-44.41994604292244,-5.177891988630916
2001-12-27,-33.06209673557342,20.392012094878694,-44.87304822620943,-3.9406919528829203
2001-12-28,-32.98881050566774,19.347560737566873,-44.554861685797206,-2.6481223020151923
2001-12-29,-32.59576668073205,18.415960208253626,-43.79630970447395,-3.142293638751807
2001-12-30,-32.88030037744171,17.987883443426757,-44.09004140648402,-4.467158500786715
2001-12-31,-35.058207654504905,18.466017529577137,-44.987057725781746,-6.871681038004265
2002-01-01,-35.88758888663134,19.449560637310373,-44.71028113498741,-6.0319765245974715
2002-01-02,-35.37628707528912,20.260213133950543,-46.12973222666203,-6.688876634206542
2002-01-03,-35.5256965364469,21.144919914081363,-46.28045281117888,-9.504666776069033
2002-01-04,-37.889441002299236,21.027183826116143,-43.88929233051711,-9.080354637602664
2002-01-05,-38.3013721610841,21.180314916051323,-43.92631874260318,-9.47901667470788
2002-01-06,-39.95783557467371,19.428052279948858,-43.00063790309336,-8.946210154356576
2002-01-07,-40.540820919398044,18.840920244743113,-42.96346502053741,-8.619342745731291
2002-01-08,-40.94197744957245,19.793324681375786,-41.809857618652735,-5.884018589089773
2002-01-09,-41.74949025726295,20.421196889392753,-40.99279982614109,-5.446919118799266
2002-01-10,-41.43981323025794,19.28793871924271,-41.84999719389625,-6.670658576642765
2002-01-11,-42.12932589563497,19.965217103054385,-42.18568321674074,-6.872475004221907
2002-01-12,-41.64929776993989,18.89045430227665,-43.24858431648309,-5.208240987095643
2002-01-13,-39.821627948193964,18.56123740275809,-43.35507623685783,-4.751721584069022
2002-01-14,-41.28672443924685,18.158965885084957,-43.316866268597366,-4.785952264746309
2002-01-15,-41.09299698927504,18.940389396189452,-43.972209186690506,-4.209599701224196
2002-01-16,-40.44094360167064,19.15370026107796,-43.58941279620771,-3.9218304227203635
2002-01-17,-40.50126627524933,18.389030259310164,-44.41553364562693,-5.123278158598476
2002-01-18,-39.30319710497187,18.032614183702044,-45.1029907174655,-6.189481230928383
2002-01-19,-38.80878367884061,18.58503443627966,-44.72434281840566,-4.4372210833204875
2002-01-20,-38.26758575392215,19.567603294953955,-45.90411744044618,-5.248604329737766
2002-01-21,-38.55419567359745,19.238725622604697,-45.132602042852525,-5.988556844262288
2002-01-22,-38.21117486342479,17.731058807820325,-45.0233455366993,-5.562362399442809
2002-01-23,-40.097073437278276,17.50130587136863,-45.65753162661906,-4.191667276644435
2002-01-24,-41.47012020312473,17.142851937035555,-45.30743685603451,-4.725429645253377
2002-01-25,-43.00968323414696,15.130816040484453,-44.713867395932425,-4.819141084492679
2002-01-26,-42.139985540860984,17.23896330546124,-43.14882764777619,-5.92583687453303
2002-01-27,-43.42975320158087,18.25317203982228,-43.50866055705455,-5.293864386434546
2002-01-28,-41.109075346535164,17.969451674059897,-42.84338226585311,-4.991019957807529
2002-01-29,-42.18344837939574,17.474810118084317,-43.070892493091264,-5.657149859113253
2002-01-30,-42.3628200341508,16.493343749349506,-42.109498641304675,-5.311579523731991
2002-01-31,-41.7825924616696,17.326693632928567,-43.303027416048074,-6.575553890311633
2002-02-01,-41.86752451517011,17.099578708260694,-44.156204066706756,-7.982363398863352
2002-02-02,-43.289524880955554,16.74136918560602,-44.808500210943684,-9.071479030706083
2002-02-03,-43.51803336064425,17.408585976428025,-44.67471251761658,-9.291235241990716
2002-02-04,-40.94426906232307,16.694178093239383,-45.25828930487313,-7.2473162980611505
2002-02-05,-42.24173020721263,16.574011605066435,-43.461296052142416,-7.168052410983951
2002-02-06,-43.1117759290706,16.479120703131983,-43.66888122152878,-9.443350246444332
2002-02-07,-43.90547553435576,16.794911446790486,-43.572095476439806,-8.541482535616993
2002-02-08,-43.40176542892406,16.12775499674142,-43.663643448950175,-9.145666566714963
2002-02-09,-44.745243160355045,17.360126101814156,-44.9269159141009,-9.264125086734035
2002-02-10,-44.476533485631734,16.001793159622885,-45.09200195451657,-8.43959847512401
2002-02-11,-44.10644901438394,15.709658112733967,-46.37884781984266,-8.469233449658304
2002-02-12,-42.06177406218563,15.217862640590392,-46.55305207027007,-8.05777462613896
2002-02-13,-41.007241672510325,14.235528623378798,-47.97079113136921,-9.455448178453414
2002-02-14,-40.46477102011594,15.79045606599474,-49.52860448317356,-11.604838028930189
2002-02-15,-40.48400014634714,16.82514665698502,-48.54079114754636,-10.85520617505287
2002-02-16,-40.838524830498116,15.144211216312279,-50.33045733819484,-10.621332336119604
2002-02-17,-40.998166048413616,15.355560984270399,-50.374125018160434,-9.62891059706858
2002-02-18,-42.32923594987242,14.196536054484183,-49.40757122891859,-9.337275207444483
2002-02-19,-43.446577851469634,13.773421633910836,-48.57998144147384,-8.490014982536389
2002-02-20,-41.931174335687956,12.895421851392667,-49.62049853734525,-7.715808701022648
2002-02-21,-39.71148027253932,11.474590773587051,-49.635803215653326,-7.304903721112098
2002-02-22,-41.54106521483043,11.988306661030302,-50.32412824661271,-7.27414477549345
2002-02-23,-39.63481655958591,11.297722050051393,-50.764181833778814,-8.086725292883166
2002-02-24,-39.537145197385094,10.405050052692566,-50.1152366897494,-9.10171656277683
2002-02-25,-38.92294647367324,10.704516011736457,-47.992728054699455,-8.533751434537283
2002-02-26,-38.71594081144262,11.078830086666638,-47.17486972958757,-8.236178402881526
2002-02-27,-37.31127040500189,10.817075184425324,-47.85917346740668,-9.539324858634686
2002-02-28,-37.238617492351196,10.659808617671995,-49.838811707303826,-11.093169926659584
2002-03-01,-37.36552808688816,11.139067487850756,-48.380074271160346,-10.413424606677536
2002-03-02,-36.85921809113795,12.041902775074492,-49.52480291401596,-10.057270407294094
2002-03-03,-35.877030055620196,12.724485142630519,-49.74285570982337,-11.524194104443051
2002-03-04,-35.47164001147912,10.981714127638186,-50.505581092459856,-10.7984878305285
2002-03-05,-35.023263702338944,10.26502140450174,-53.07906499918302,-12.924006959197778
2002-03-06,-35.492342569398296,12.02623873427486,-53.883236623363764,-13.351494947027476
2002-03-07,-34.847855472784374,11.808490533119707,-52.53445363539939,-13.132713356788978
2002-03-08,-36.36663654885206,11.298976078382514,-52.04138881920254,-15.3776519989361
2002-03-09,-34.870904534154725,12.163317730232825,-51.812703051736435,-14.713209968998505
2002-03-10,-34.73579737560078,13.29382570943341,-50.231232695865614,-15.571316355466442
2002-03-11,-34.73823185595885,12.168235561319673,-50.52082602445345,-15.591396361974153
2002-03-12,-34.623937115938965,12.48790319858647,-49.78549575519123,-16.624756302804197
2002-03-13,-33.386263870276515,12.770121593128419,-49.392589770948824,-17.165010846279955
2002-03-14,-33.945969343541286,12.963592397659992,-49.68075080578819,-17.372309906974223
2002-03-15,-33.28061166431449,12.284828546239467,-47.93187888166299,-17.423005853944048
2002-03-16,-31.470322153002584,13.284323030287394,-48.89952677036738,-18.769782610126242
2002-03-17,-30.523041688323357,11.57444036672537,-48.574913024338144,-19.229192994469496
2002-03-18,-30.70623549581698,12.305323821814257,-50.895443775470966,-19.519981200426425
2002-03-19,-30.848481020443803,12.230869555009368,-52.222992602218056,-18.73942495192461
2002-03-20,-31.38178589789095,13.669339367160173,-53.53288610785441,-19.196163302808372
2002-03-21,-31.006351935121693,14.853094059792339,-54.49723581557923,-21.818038401529563
2002-03-22,-30.580116766879918,13.97080748747647,-53.849287365023095,-23.095709969817467
2002-03-23,-31.493033779443493,13.273749906244458,-52.74200025803972,-26.578915729861183
2002-03-24,-30.090108329621742,14.835183770408463,-51.88473668780031,-27.404749409808623
2002-03-25,-28.705925387261576,15.040577398488216,-53.1597442215806,-26.431926660316748
2002-03-26,-29.306923756211965,15.618569489731843,-52.222042826132196,-26.694124385559956
2002-03-27,-30.053580007520303,15.05552669452206,-51.45006259760154,-27.197870857844006
2002-03-28,-29.54888869261988,15.990827769471931,-51.72447290338158,-27.50640662642862
2002-03-29,-29.454930039732677,16.489066775154654,-51.33531979165522,-25.38816177247035
2002-03-30,-30.549935127615637,16.664452823434875,-51.07475334769906,-25.042002843952286
2002-03-31,-30.700801899946526,16.41730862658599,-51.9917309641479,-25.64986262714999
2002-04-01,-30.918535213444425,16.150196770000615,-51.07352853722427,-24.83605809033226
2002-04-02,-29.876121944059513,16.64315563865512,-50.591016530567046,-24.875814071204076
2002-04-03,-30.388501822382757,17.340731791327542,-51.21786252460737,-25.393087049689317
2002-04-04,-30.503330708991644,18.00418051722972,-51.119769883901014,-24.57120990639169
2002-04-05,-29.640529244984364,18.684283320194094,-49.74684612039279,-25.065946946005816
2002-04-06,-29.139800189355316,18.37074014711917,-49.90718937884098,-25.061985958653825
2002-04-07,-30.304367294382008,16.374145262648405,-48.4812949309408,-26.472113983054275
2002-04-08,-29.67542498817738,16.278937093659795,-48.48209397593978,-25.460824264074326
2002-04-09,-28.870952403466486,16.482521589490563,-48.523222656991955,-24.28897885622938
2002-04-10,-28.85157577802104,15.323436837735418,-48.29432057460808,-22.562364963091877
2002-04-11,-27.799210293722048,15.317609250183775,-49.12465071187383,-22.59271892182781
2002-04-12,-25.95489957095309,15.887845203866869,-48.9364641270079,-21.072868178862887
2002-04-13,-26.778582836925015,16.26992185100205,-47.3304452374628,-20.56962053599384
2002-04-14,-26.497491278328287,16.85694629375584,-46.66683190629463,-19.81776255992425
2002-04-15,-26.337725584354406,18.554451712962567,-46.93075384661964,-18.35453039605169
2002-04-16,-25.7516642137736,18.625708411475394,-47.09453408400408,-17.913113345639236
2002-04-17,-26.113411640015247,17.806136948811513,-47.5982684666621,-17.38361224813712
2002-04-18,-27.229333902994707,15.966224741968432,-46.11471388379692,-17.629847659369837
2002-04-19,-26.91577100745601,15.642196949216727,-46.53481582088374,-16.50475838840854
2002-04-20,-25.994726893272393,16.31118906008354,-46.57661342354441,-15.839033784989429
2002-04-21,-26.769802876486175,15.483893194014698,-47.33135300835583,-15.616321553725317
2002-04-22,-26.672017849978857,13.561092398923822,-48.681025809939676,-12.634243723921925
2002-04-23,-26.09364972288802,12.436172319260766,-49.3255218795709,-13.558764003236288
2002-04-24,-25.883455071833307,13.064899746201963,-49.66590352703542,-13.88872098665154
2002-04-25,-26.618512687909757,12.913581936403192,-48.199796964907726,-13.865536400557499
2002-04-26,-26.352444953450444,12.536200276888035,-49.01707597107489,-13.428068674799622
2002-04-27,-25.34072892256849,12.945078679236376,-49.609880516343225,-13.044721398481006
2002-04-28,-26.158785324226862,12.981753928325851,-50.745823605300494,-14.146202382063493
2002-04-29,-26.007613500411217,11.325391739292149,-51.176294614088576,-12.929576055372221
2002-04-30,-26.48345170226696,10.976015846290103,-51.45392682568341,-13.642097123226746
2002-05-01,-26.607057180228633,11.249991620634452,-49.289355519563905,-13.972200909090173
2002-05-02,-27.07378728443418,10.760488456960497,-48.27575075237359,-11.928559629968218
2002-05-03,-27.121654736530157,10.174062574625903,-49.017860564012764,-10.684980119149339
2002-05-04,-27.119259059463168,10.446400221568068,-48.15263565919572,-11.390302895266894
2002-05-05,-27.58693854772352,10.78366522007996,-49.66670784613873,-11.330954597339908
2002-05-06,-25.921801384487058,10.591335511900489,-48.921025626548015,-12.314185215552301
2002-05-07,-26.36003457065537,10.528044458172483,-49.25091786718725,-11.883401142734167
2002-05-08,-26.94908751144251,9.515443480068264,-47.87901353119714,-11.577521655762554
2002-05-09,-27.316992213825,10.642711033582316,-49.18687942893925,-11.626971772696054
2002-05-10,-27.150524266702853,8.805976831136757,-47.83578456202459,-12.625753131945585
2002-05-11,-29.19618535939229,10.280516727150534,-46.04864286082174,-12.101721021431091
2002-05-12,-30.18933481038929,11.586537947782526,-47.0434165676453,-13.387630138106381
2002-05-13,-29.302914862522595,12.37510668375524,-47.32522067889661,-12.789514333981117
2002-05-14,-30.497793777583347,12.801085256256108,-48.92521598191713,-12.669782373241981
2002-05-15,-30.308994889770045,12.992384207271039,-49.295325181138736,-10.852929558503899
2002-05-16,-30.790089044467162,11.876938145186607,-50.46851994871246,-11.282989516218732
2002-05-17,-31.413434862946136,11.803912475626346,-49.76489077120518,-9.490070904770656
2002-05-18,-32.47148940743755,11.651066595636845,-52.27717922319997,-10.515713641173392
2002-05-19,-31.40376555075645,10.714733494163173,-51.30962904539652,-10.828069264389299
2002-05-20,-32.721194278159125,11.271068992632978,-51.351253085196795,-9.288980309598678
2002-05-21,-33.925279503883495,11.126494042629465,-49.1779027317593,-8.951983238276256
2002-05-22,-35.01785837130008,11.833271043082007,-49.178162608337104,-9.313992825193923
2002-05-23,-35.423597197214406,13.455309744862147,-49.583581632156395,-9.799737479453537
2002-05-24,-34.46320852163281,13.540729075165084,-50.1549007859148,-9.429493956327017
2002-05-25,-34.732040424304216,14.023784180989438,-48.89247743883009,-10.948168198852354
2002-05-26,-34.35390329373551,14.963193461169007,-46.7846533526895,-8.95076902804675
2002-05-27,-33.67622734277346,15.420156401751846,-46.62467732598823,-8.024754254146057
2002-05-28,-33.17923907330953,16.515667773923564,-46.36384877850229,-8.319889621904343
2002-05-29,-32.693877203087666,17.2664327742007,-45.276832376823116,-8.651969797087975
2002-05-30,-33.006678098164954,16.391961855620444,-46.68301158678722,-11.09477776747497
2002-05-31,-31.67862940148167,15.789381268259966,-45.95872990277347,-11.27757523332261
2002-06-01,-32.06395881367161,15.532808940001877,-47.27342191090853,-10.310978456890673
2002-06-02,-32.002311319322644,15.788792615944043,-46.490951044582644,-11.395644233655705
2002-06-03,-32.92909742185883,15.091991347292028,-47.10153875524826,-11.459446925996632
2002-06-04,-32.36710949802942,15.042757937365062,-45.98084855861339,-11.320267231764719
2002-06-05,-31.629204984253143,15.371006194341444,-44.853779086994585,-13.387331236196243
2002-06-06,-31.352178921638494,15.543717755320406,-45.93765497224498,-14.186408946516975
2002-06-07,-30.769464909659597,14.94865251060909,-45.24425596364509,-14.611409754789541
2002-06-08,-30.442071945290312,13.895742985391268,-47.33838528747907,-14.898684064227863
2002-06-09,-30.937561237456993,13.000910910761428,-45.47029434221264,-15.89767834442167
2002-06-10,-30.48796092037238,13.972528516501725,-46.73288056705639,-16.358357799350763
2002-06-11,-29.18374803370018,13.983081520290417,-46.97531668976576,-16.333366076500294
2002-06-12,-29.88448944192419,14.03459203223774,-49.195583467316006,-18.047575762205657
2002-06-13,-29.79062481292353,15.04404998655285,-49.87393086263941,-18.752218591740924
2002-06-14,-30.693217946796004,14.54708126317069,-50.22858169323698,-18.045152362692505
2002-06-15,-32.54321508522989,12.466757620702435,-50.18865952583574,-16.090374803902378
2002-06-16,-32.928973787520775,12.263296326079336,-48.70832917965046,-15.470784522608579
2002-06-17,-33.47130209841703,11.514607305004642,-47.065302747345136,-15.496555845229825
2002-06-18,-33.7073407043109,11.21240750112515,-46.112691359679026,-14.156143933736871
2002-06-19,-33.87476154622691,12.860424953563216,-46.006431116130045,-14.598088866524895
2002-06-20,-34.81083755112016,12.888051425189714,-44.578194645809646,-16.18368713121826
2002-06-21,-35.2954057778988,13.042636588740576,-44.42650396727447,-15.52348111015363
2002-06-22,-36.5485406841103,12.32034497645564,-44.39688901442262,-16.818077725149926
2002-06-23,-35.32763325503828,10.556665291458591,-43.69287478867339,-17.42294502977402
2002-06-24,-37.679872794870825,11.593375153995822,-42.43623083527046,-17.097745342903927
2002-06-25,-37.64906410020595,13.11710747718208,-41.92970506985747,-17.38695695551047
2002-06-26,-37.99310233602476,13.183627435922165,-42.37027350324319,-19.101655037084992
2002-06-27,-38.93895763045918,13.330504524969859,-41.24778551156723,-19.004145895469495
2002-06-28,-39.003435637392805,12.21424115531016,-39.754456661332256,-20.260346557158893
2002-06-29,-39.41602681398106,13.670015015670343,-41.163526895317176,-21.51585379411541
2002-06-30,-37.798899269731834,14.412707019616269,-42.40151626748939,-21.97335844404383
2002-07-01,-37.495535365260984,15.05546519370067,-42.47921542921037,-22.23545692469456
2002-07-02,-38.30472906700884,14.327849294580785,-41.973489474719734,-22.462704883221654
2002-07-03,-38.30287784313528,15.072835950508628,-43.3096446151896,-23.187081562568867
2002-07-04,-38.19191517659706,14.449475831962998,-43.78928651108425,-25.581666084613314
2002-07-05,-37.599796643878854,15.243668230607891,-44.43615356069781,-26.719515131929246
2002-07-06,-38.38436451196205,15.754782026698509,-44.116438273898666,-27.483378849531967
2002-07-07,-37.5247022030568,15.928092639522504,-43.64618861279618,-28.794507283246734
2002-07-08,-36.76732162854584,15.177624636777573,-43.41737851164239,-30.741388858901033
2002-07-09,-36.278852969592506,15.015107029456393,-42.740550298032325,-30.340737860722985
2002-07-10,-35.47947126038109,13.97569431756366,-42.994361645583005,-30.874650773353434
2002-07-11,-33.99127554980379,15.433389398602635,-43.998509016116344,-31.27929152469762
2002-07-12,-35.511290338219915,16.01961081410513,-44.407717618100804,-29.514662623539234
2002-07-13,-36.51921488950702,16.10443129722139,-42.42342694988105,-29.989266335832003
2002-07-14,-36.3189509704697,16.802118890938743,-42.411499738768285,-30.101741761762902
2002-07-15,-36.63193347437785,16.344980333087072,-41.22305079621746,-30.987211640941002
2002-07-16,-36.13130705314425,17.153641118323385,-39.62221807005447,-30.802782783561497
2002-07-17,-36.55185487813086,15.923604560620799,-39.64093273675852,-32.549560330698995
2002-07-18,-35.353582990900925,16.557522136318614,-39.03437963765012,-31.094815385881176
2002-07-19,-35.41344866182915,17.324258274412365,-40.35406897161488,-31.351877557661105
2002-07-20,-37.167257115379805,16.769401128843114,-41.89087899521341,-30.141760977974712
2002-07-21,-35.854761316701705,16.782781883629774,-42.40415179261806,-29.306923098510403
2002-07-22,-35.564764866764975,16.615486625018544,-42.61932048660381,-28.397657091462502
2002-07-23,-34.781745935369614,17.360491051333316,-43.697914914561736,-28.43545646077543
2002-07-24,-33.37351467731407,16.712587335423354,-44.655445807204046,-29.380041677910917
2002-07-25,-31.83567791687891,18.17248485756919,-45.90042094736008,-29.761415458263
2002-07-26,-31.02063642743778,17.181320391433346,-46.0874609219094,-29.80328479869113
2002-07-27,-33.245328224655836,18.419737927630408,-46.57956669809784,-28.163632126577216
2002-07-28,-32.574330512355445,20.252582663383876,-46.62348522321689,-28.751745120682152
2002-07-29,-32.719740744659504,18.13715846303004,-44.76661899438597,-27.592142268908415
2002-07-30,-30.760285868931394,16.888656298419086,-45.362367976987066,-27.325499735225883
2002-07-31,-30.223773758587104,17.432220910353962,-45.759464765320224,-27.553773883631486
2002-08-01,-30.03773762234734,18.18989243891185,-43.889391017022,-27.079264833114916
2002-08-02,-30.456083656554977,18.610329836779254,-43.0811797305187,-26.195200043768054
2002-08-03,-30.773164420792813,18.196557944985532,-44.03698422870897,-25.48106159139077
2002-08-04,-28.567581296605645,17.350511696642307,-42.46469235122832,-25.012102409733412
2002-08-05,-29.564875585133155,17.707059331723517,-41.99248093643239,-25.381367067529233
2002-08-06,-29.759387188784224,17.974280873670363,-42.63864855388093,-25.768413132611073
2002-08-07,-29.827597657574223,18.10459049393437,-41.7752475343978,-24.63102506313316
2002-08-08,-27.72154781370324,18.714068169268618,-40.07551504375716,-24.853991659979688
2002-08-09,-27.927614854274204,18.590560426031253,-39.64536595402081,-26.493476328154717
2002-08-10,-26.190923021528427,18.645302706302118,-38.26418659369762,-26.57099956949764
2002-08-11,-26.598964299584345,17.371149222793953,-39.32118343230907,-28.70824582043626
2002-08-12,-25.479478032152834,16.80925202935697,-39.54122429674979,-28.786710309955417
2002-08-13,-25.687181677837682,17.16393304953221,-39.7557550791552,-29.847912506460467
2002-08-14,-25.172943732484406,17.46766073170861,-40.2742712503101,-29.225701424220254
2002-08-15,-27.62805983159604,16.06541740520189,-41.29927947173143,-28.919863726304495
2002-08-16,-26.460335011282247,15.81507939249154,-41.061045053519734,-27.959127097745775
2002-08-17,-27.64694573045004,17.618956332443506,-42.27394568248155,-25.67902235861651
2002-08-18,-28.570356849003417,17.834674738670806,-41.56470885771676,-24.151184011028782
2002-08-19,-28.628833676781777,16.386899086951683,-41.61045293935034,-24.16771910865915
2002-08-20,-28.202590094808183,14.665101974827653,-41.60661247853204,-24.995873412608805
2002-08-21,-28.209293980925395,14.09100248810929,-42.75906983462084,-26.21532456745628
2002-08-22,-26.938697417723002,15.888163265752121,-42.81089856990629,-25.739197114941938
2002-08-23,-27.34211411450894,15.940006451545687,-43.096226901670846,-23.947504287435866
2002-08-24,-27.064065451283764,16.88020090536402,-41.05942981487961,-24.300334970175147
2002-08-25,-26.256650198652594,15.591902579202523,-41.165064997029944,-25.68074821697369
2002-08-26,-23.698745277465125,15.972238920624381,-40.83125951071216,-26.131754656885004
2002-08-27,-22.505984473472406,15.210294069283542,-41.57099942186791,-24.88241317708742
2002-08-28,-23.00213844359363,15.798118960000483,-41.29178458171616,-24.810300375535846
2002-08-29,-24.109960569225123,14.704823207775705,-43.74019281094379,-24.94676058601222
2002-08-30,-25.229435894336167,15.13379654517194,-43.79525291821549,-24.138672644419586
2002-08-31,-26.555360360828566,16.162066302370096,-44.44606287813933,-24.375390862134427
2002-09-01,-28.648055245942633,16.31321303873518,-44.8572968475822,-23.995656230843455
2002-09-02,-27.568617917438072,15.6330997297073,-45.2851812285271,-23.97416978854617
2002-09-03,-27.267926083431494,16.875378040434555,-47.325549425345734,-22.187120443963185
2002-09-04,-27.296375969707963,17.151676447396454,-47.757018368613295,-22.745785780889378
2002-09-05,-26.34996109468378,16.668793991059268,-48.0225834727323,-23.53597955892837
2002-09-06,-26.572749134827237,18.295570562398343,-48.58345392830803,-21.880398613015267
2002-09-07,-28.885361944728828,17.64927192839413,-48.93534826130457,-22.057615877311285
2002-09-08,-29.888657920862553,18.3627616782726,-48.78184806743492,-23.001719857679362
2002-09-09,-30.99239055069068,17.415184758311405,-48.044185721202176,-24.858617481327254
2002-09-10,-30.644131537096253,17.40196245494502,-50.364263057545436,-24.415289275452977
2002-09-11,-30.934995044641227,17.095967501387875,-50.109785274827935,-23.561631350918926
2002-09-12,-29.55270850179137,15.235711019952312,-50.35683453804143,-23.973343125543877
2002-09-13,-29.40536062869511,15.903108173616538,-49.58408218009903,-23.018923933048494
2002-09-14,-27.388698224532686,16.84028525126074,-49.153836012061724,-21.64240273046041
2002-09-15,-27.92659811118563,17.043418404030092,-48.89274792323589,-21.643023306221245
2002-09-16,-28.81954518824523,18.209970501297327,-47.45045759285538,-22.12341368071333
2002-09-17,-28.372571096272875,18.299260581557338,-47.210347403956,-21.835788291972044
2002-09-18,-27.940245500316873,18.78125480043685,-46.7400495962533,-22.224319249494197
2002-09-19,-28.52566967888647,18.85405720240026,-45.42408419309069,-22.065601220816447
2002-09-20,-29.206628292355298,19.755066949527446,-45.220582491553536,-21.737557606917836
2002-09-21,-29.79601847544603,17.629682805380117,-44.47340469713568,-21.395889447624207
2002-09-22,-31.000324923231663,17.454724107101747,-44.15512794135597,-19.758864345846725
2002-09-23,-29.51399813962125,17.488479095556457,-46.076675406555644,-22.78963277198333
2002-09-24,-30.207466334841193,16.76312630724254,-46.500629218720846,-23.688229388869136
2002-09-25,-31.45435711713962,16.914971799398742,-43.84528483298305,-24.510731898378864
2002-09-26,-33.04363430373997,18.564332717572704,-43.68778556566219,-23.97646774278346
